time,date,datetime,EGC_mean,EGC_median,EGC_upper,EGC_lower,LGC_mean,LGC_median,LGC_upper,LGC_lower,3EC_mean,3EC_median,3EC_upper,3EC_lower,date2,datetime2,SG_mean,SG_median,SG_upper,SG_lower
2021,2020-12-31,2020-12-31T00:00:00,NaN,NaN,NaN,NaN,NaN,NaN,NaN,NaN,NaN,NaN,NaN,NaN,2020-12-04,2020-12-04T01:42:18,18.47498827,15.71679619,141.4418643,3.353076234
2020.997487,2020-12-29,2020-12-29T01:59:24,NaN,NaN,NaN,NaN,NaN,NaN,NaN,NaN,NaN,NaN,NaN,NaN,2020-11-29,2020-11-29T06:30:18,9.994824202,9.171247392,36.70582458,2.876224318
2020.994975,2020-12-28,2020-12-28T03:58:47,NaN,NaN,NaN,NaN,NaN,NaN,NaN,NaN,NaN,NaN,NaN,NaN,2020-11-24,2020-11-24T11:18:18,11.0867648,10.39416335,32.30849852,4.416907748
2020.992462,2020-12-27,2020-12-27T05:58:11,NaN,NaN,NaN,NaN,NaN,NaN,NaN,NaN,NaN,NaN,NaN,NaN,2020-11-19,2020-11-19T16:06:18,13.59844894,12.36352753,43.22858205,5.45283877
2020.98995,2020-12-26,2020-12-26T07:57:35,NaN,NaN,NaN,NaN,NaN,NaN,NaN,NaN,NaN,NaN,NaN,NaN,2020-11-14,2020-11-14T20:54:18,8.119346795,7.65886303,20.70456251,3.747126646
2020.987437,2020-12-25,2020-12-25T09:56:59,NaN,NaN,NaN,NaN,NaN,NaN,NaN,NaN,NaN,NaN,NaN,NaN,2020-11-10,2020-11-10T01:42:18,12.22585161,11.29674385,33.39979701,4.978886692
2020.984925,2020-12-24,2020-12-24T11:56:23,NaN,NaN,NaN,NaN,NaN,NaN,NaN,NaN,NaN,NaN,NaN,NaN,2020-11-05,2020-11-05T06:30:18,9.684991948,9.092710133,31.00729156,3.508003748
2020.982412,2020-12-23,2020-12-23T13:55:46,NaN,NaN,NaN,NaN,NaN,NaN,NaN,NaN,NaN,NaN,NaN,NaN,2020-10-31,2020-10-31T11:18:18,15.56587752,13.70194926,72.10320592,4.373820391
2020.979899,2020-12-22,2020-12-22T15:55:10,NaN,NaN,NaN,NaN,NaN,NaN,NaN,NaN,NaN,NaN,NaN,NaN,2020-10-26,2020-10-26T16:06:18,5.044556629,4.591140191,21.09815818,1.2063862
2020.977387,2020-12-21,2020-12-21T17:54:34,NaN,NaN,NaN,NaN,NaN,NaN,NaN,NaN,NaN,NaN,NaN,NaN,2020-10-21,2020-10-21T20:54:18,1.581757267,1.537875561,4.713149678,0.534138333
2020.974874,2020-12-20,2020-12-20T19:53:58,NaN,NaN,NaN,NaN,NaN,NaN,NaN,NaN,NaN,NaN,NaN,NaN,2020-10-17,2020-10-17T01:42:18,0.798413886,0.737014705,3.409902121,0.227666101
2020.972362,2020-12-19,2020-12-19T21:53:22,NaN,NaN,NaN,NaN,NaN,NaN,NaN,NaN,NaN,NaN,NaN,NaN,2020-10-12,2020-10-12T06:30:18,0.441630391,0.418948673,2.236723761,0.081162631
2020.969849,2020-12-18,2020-12-18T23:52:46,NaN,NaN,NaN,NaN,NaN,NaN,NaN,NaN,NaN,NaN,NaN,NaN,2020-10-07,2020-10-07T11:18:18,0.206480633,0.192555541,1.465074064,0.031646049
2020.967337,2020-12-18,2020-12-18T01:52:09,NaN,NaN,NaN,NaN,NaN,NaN,NaN,NaN,NaN,NaN,NaN,NaN,2020-10-02,2020-10-02T16:06:18,0.098134483,0.088986864,0.750175425,0.014593556
2020.964824,2020-12-17,2020-12-17T03:51:33,NaN,NaN,NaN,NaN,NaN,NaN,NaN,NaN,NaN,NaN,NaN,NaN,2020-09-27,2020-09-27T20:54:18,0.065735573,0.066886334,0.581027391,0.006615534
2020.962312,2020-12-16,2020-12-16T05:50:57,NaN,NaN,NaN,NaN,NaN,NaN,NaN,NaN,NaN,NaN,NaN,NaN,2020-09-23,2020-09-23T01:42:18,0.048131867,0.047863056,0.565525138,0.00348987
2020.959799,2020-12-15,2020-12-15T07:50:21,NaN,NaN,NaN,NaN,NaN,NaN,NaN,NaN,NaN,NaN,NaN,NaN,2020-09-18,2020-09-18T06:30:18,0.034806743,0.036270217,0.562560846,0.0015879
2020.957286,2020-12-14,2020-12-14T09:49:45,NaN,NaN,NaN,NaN,NaN,NaN,NaN,NaN,NaN,NaN,NaN,NaN,2020-09-13,2020-09-13T11:18:18,0.022303974,0.024472411,0.43965241,7.95E-04
2020.954774,2020-12-13,2020-12-13T11:49:08,NaN,NaN,NaN,NaN,NaN,NaN,NaN,NaN,NaN,NaN,NaN,NaN,2020-09-08,2020-09-08T16:06:18,0.016472864,0.019547831,0.405599137,3.32E-04
2020.952261,2020-12-12,2020-12-12T13:48:32,NaN,NaN,NaN,NaN,NaN,NaN,NaN,NaN,NaN,NaN,NaN,NaN,2020-09-03,2020-09-03T20:54:18,0.013963509,0.017704365,0.533463498,1.80E-04
2020.949749,2020-12-11,2020-12-11T15:47:56,NaN,NaN,NaN,NaN,NaN,NaN,NaN,NaN,NaN,NaN,NaN,NaN,2020-08-30,2020-08-30T01:42:18,0.012813623,0.015818995,0.773395871,7.34E-05
2020.947236,2020-12-10,2020-12-10T17:47:20,NaN,NaN,NaN,NaN,NaN,NaN,NaN,NaN,NaN,NaN,NaN,NaN,2020-08-30,2020-08-30T01:42:18,0.012813623,0.015818995,0.773395871,7.34E-05
2020.944724,2020-12-09,2020-12-09T19:46:44,NaN,NaN,NaN,NaN,NaN,NaN,NaN,NaN,NaN,NaN,NaN,NaN,2020-08-25,2020-08-25T06:30:18,0.012813623,0.015818995,0.773395871,7.34E-05
2020.942211,2020-12-08,2020-12-08T21:46:08,NaN,NaN,NaN,NaN,NaN,NaN,NaN,NaN,NaN,NaN,NaN,NaN,2020-08-20,2020-08-20T11:18:18,0.012813623,0.015818995,0.773395871,7.34E-05
2020.939698,2020-12-07,2020-12-07T23:45:31,NaN,NaN,NaN,NaN,NaN,NaN,NaN,NaN,NaN,NaN,NaN,NaN,2020-08-15,2020-08-15T16:06:18,0.012813623,0.015818995,0.773395871,7.34E-05
2020.937186,2020-12-07,2020-12-07T01:44:55,NaN,NaN,NaN,NaN,NaN,NaN,NaN,NaN,NaN,NaN,NaN,NaN,2020-08-10,2020-08-10T20:54:18,0.012813623,0.015818995,0.773395871,7.34E-05
2020.934673,2020-12-06,2020-12-06T03:44:19,NaN,NaN,NaN,NaN,NaN,NaN,NaN,NaN,NaN,NaN,NaN,NaN,2020-08-06,2020-08-06T01:42:18,0.012813623,0.015818995,0.773395871,7.34E-05
2020.932161,2020-12-05,2020-12-05T05:43:43,NaN,NaN,NaN,NaN,NaN,NaN,NaN,NaN,NaN,NaN,NaN,NaN,2020-08-01,2020-08-01T06:30:18,0.012813623,0.015818995,0.773395871,7.34E-05
2020.929648,2020-12-04,2020-12-04T07:43:07,NaN,NaN,NaN,NaN,NaN,NaN,NaN,NaN,NaN,NaN,NaN,NaN,2020-07-27,2020-07-27T11:18:18,0.012813623,0.015818995,0.773395871,7.34E-05
2020.927136,2020-12-03,2020-12-03T09:42:30,56.16519988,53.40610595,95.60616915,31.57490528,10.58314586,10.3259562,14.93496165,7.642274998,65.0929902,14.51163806,539.2373764,2.159189373,2020-07-22,2020-07-22T16:06:18,0.012813623,0.015818995,0.773395871,7.34E-05
2020.924623,2020-12-02,2020-12-02T11:41:54,52.2876163,49.81797748,88.06040012,29.73707782,10.57974488,10.32442572,14.91851254,7.639904349,34.26748317,13.43438929,226.6532718,2.969873509,2020-07-17,2020-07-17T20:54:18,0.012813623,0.015818995,0.773395871,7.34E-05
2020.922111,2020-12-01,2020-12-01T13:41:18,48.68082774,46.4909836,81.36533179,28.00697777,10.57581705,10.3219941,14.91304358,7.639290593,20.73014204,12.42274146,99.76310717,4.044584022,2020-07-13,2020-07-13T01:42:18,0.012813623,0.015818995,0.773395871,7.34E-05
2020.919598,2020-11-30,2020-11-30T15:40:42,45.32570812,43.40522652,75.17582789,26.35616633,10.57127915,10.31521839,14.8947416,7.638416139,14.43259519,11.46539478,43.18741848,5.289449798,2020-07-08,2020-07-08T06:30:18,0.012813623,0.015818995,0.773395871,7.34E-05
2020.917085,2020-11-29,2020-11-29T17:40:06,42.20449732,40.45160264,69.2520209,24.80274522,10.56603473,10.3123641,14.87521094,7.636059222,11.37595397,10.58923463,21.53508733,6.14429761,2020-07-03,2020-07-03T11:18:18,0.012813623,0.015818995,0.773395871,7.34E-05
2020.914573,2020-11-28,2020-11-28T19:39:30,39.3007026,37.71623805,64.06176965,23.32196512,10.55997194,10.30481034,14.85786972,7.633257249,10.19447297,9.73547933,17.11944235,5.756249864,,,,,,
2020.91206,2020-11-27,2020-11-27T21:38:53,36.5990071,35.21371674,59.09841119,21.91977739,10.55296116,10.29969094,14.83018891,7.631980669,10.1503142,9.733623924,16.73253908,5.890846809,,,,,,
2020.909548,2020-11-26,2020-11-26T23:38:17,34.08518513,32.8780741,54.56396564,20.60385844,10.54485219,10.29358388,14.80783578,7.631740017,10.1083382,9.719782267,16.40779792,6.008017585,,,,,,
2020.907035,2020-11-26,2020-11-26T01:37:41,31.74602353,30.66714909,50.34468609,19.39177056,10.53547109,10.28608145,14.77601577,7.631019484,10.06851618,9.714603988,16.01230554,6.116686086,,,,,,
2020.904523,2020-11-25,2020-11-25T03:37:05,29.56924885,28.58732536,46.4247408,18.25192713,10.52461653,10.27627635,14.74471378,7.626814681,10.03082085,9.704685174,15.66316952,6.234461903,,,,,,
2020.90201,2020-11-24,2020-11-24T05:36:29,27.54345976,26.68693583,42.89352905,17.1776411,10.51205564,10.26802068,14.69576721,7.619296125,9.995226406,9.689228649,15.33151573,6.343609772,,,,,,
2020.899497,2020-11-23,2020-11-23T07:35:52,25.65806438,24.8794246,39.69245662,16.1583762,10.49751935,10.25439792,14.66352985,7.608101751,9.961708488,9.68278029,15.00354707,6.454097857,,,,,,
2020.896985,2020-11-22,2020-11-22T09:35:16,23.9032222,23.18953583,36.75527338,15.1888224,10.48069712,10.23925534,14.62492512,7.598572602,9.930244138,9.659702665,14.72573268,6.54431004,,,,,,
2020.894472,2020-11-21,2020-11-21T11:34:40,22.2697902,21.60315859,33.99208954,14.24953364,10.46123099,10.22513205,14.59525352,7.592805433,9.900811785,9.656655245,14.43441334,6.628301734,,,,,,
2020.89196,2020-11-20,2020-11-20T13:34:04,20.74927282,20.15870047,31.45659677,13.38332495,10.43870909,10.20612999,14.5583605,7.587228937,9.873391213,9.659423943,14.0742375,6.71291318,,,,,,
2020.889447,2020-11-19,2020-11-19T15:33:28,19.33377566,18.80868414,29.12215281,12.58043494,10.4126584,10.18750899,14.46151459,7.577884317,9.847963534,9.655853516,13.88044158,6.789158568,,,,,,
2020.886935,2020-11-18,2020-11-18T17:32:52,18.01596243,17.56093821,26.96257291,11.81437768,10.382537,10.16335185,14.41955977,7.570218596,9.824511168,9.648863159,13.68242877,6.865529255,,,,,,
2020.884422,2020-11-17,2020-11-17T19:32:15,16.78901508,16.36010609,24.99007561,11.07213321,10.34772575,10.13516594,14.32659149,7.546356735,9.803017813,9.655691415,13.50081845,6.908041736,,,,,,
2020.88191,2020-11-16,2020-11-16T21:31:39,15.64659677,15.25848214,23.15177918,10.39920635,10.30751961,10.09967403,14.24164017,7.523751037,9.783468433,9.644637439,13.36810984,6.930151564,,,,,,
2020.879397,2020-11-15,2020-11-15T23:31:03,14.58281754,14.22833422,21.42391931,9.756089176,10.26111887,10.05036056,14.14259055,7.496235028,9.765849231,9.645591743,13.30867455,6.970842613,,,,,,
2020.876884,2020-11-15,2020-11-15T01:30:27,13.59220245,13.25876324,19.83332073,9.134484303,10.2076206,10.00326988,14.03223032,7.464708023,9.750147634,9.628676242,13.20477588,6.959646768,,,,,,
2020.874372,2020-11-14,2020-11-14T03:29:51,12.66966203,12.36871771,18.37933535,8.546658753,10.14601091,9.946715659,13.91780733,7.425247057,9.736352275,9.629222495,13.14618751,6.950310317,,,,,,
2020.871859,2020-11-13,2020-11-13T05:29:14,11.81046478,11.53436252,17.06122254,8.014511239,10.07515861,9.880843929,13.7991823,7.376986646,9.72445298,9.613675994,13.1044635,6.907644141,,,,,,
2020.869347,2020-11-12,2020-11-12T07:28:38,11.01021179,10.75668445,15.86169457,7.488430081,9.993811369,9.807228842,13.68643575,7.328932728,9.714440748,9.596455579,13.07698832,6.854220769,,,,,,
2020.866834,2020-11-11,2020-11-11T09:28:02,10.26481305,10.03507427,14.73704802,7.00307151,9.900595419,9.727174724,13.57531408,7.270164053,9.706307747,9.587893539,13.12828916,6.816469245,,,,,,
2020.864322,2020-11-10,2020-11-10T11:27:26,9.570465535,9.35529058,13.71483593,6.544472603,9.794020386,9.617150632,13.43241484,7.185180582,9.700047292,9.586221628,13.21555724,6.775020815,,,,,,
2020.861809,2020-11-09,2020-11-09T13:26:50,8.92363286,8.717294243,12.77429879,6.108335897,9.672491021,9.495745269,13.29203309,7.083109984,9.695653842,9.579503919,13.29018503,6.726114607,,,,,,
2020.859296,2020-11-08,2020-11-08T15:26:14,8.321026352,8.127925757,11.90073073,5.680081784,9.534327898,9.360898066,13.10589866,6.945929439,9.693122988,9.563063737,13.38886134,6.641430404,,,,,,
2020.856784,2020-11-07,2020-11-07T17:25:37,7.759587521,7.577115231,11.11033352,5.284536002,9.377799333,9.209204559,12.89786113,6.805132615,9.692451445,9.560175182,13.50818555,6.554021947,,,,,,
2020.854271,2020-11-06,2020-11-06T19:25:01,7.23647177,7.07091512,10.3602229,4.933654909,9.201166833,9.037074779,12.66099291,6.637140592,9.693637047,9.547749102,13.67313426,6.454688416,,,,,,
2020.851759,2020-11-05,2020-11-05T21:24:25,6.749033269,6.592377667,9.689220816,4.586726433,9.002746119,8.84690955,12.41472554,6.429465323,9.696678738,9.545568204,13.8729131,6.364324664,,,,,,
2020.849246,2020-11-04,2020-11-04T23:23:49,6.29481091,6.149598323,9.032803162,4.27097563,8.780985165,8.636809655,12.12616797,6.19E+00,9.70E+00,9.54E+00,1.41E+01,6.271865961,,,,,,
2020.846734,2020-11-04,2020-11-04T01:23:13,5.871515275,5.734983893,8.455572948,3.976886271,8.534559567,8.403594272,11.81309434,5.909680927,9.708331697,9.525415036,14.3086972,6.174176859,,,,,,
2020.844221,2020-11-03,2020-11-03T03:22:37,5.477016515,5.350736931,7.885893631,3.68979624,8.262483759,8.141955897,11.53807888,5.619924737,9.716946378,9.517608785,14.57280882,6.054685064,,,,,,
2020.841709,2020-11-02,2020-11-02T05:22:00,5.109333116,4.994402383,7.384318206,3.422050555,7.964234235,7.848281446,11.23003112,5.303535872,9.727423969,9.509949935,14.84346519,5.937414284,,,,,,
2020.839196,2020-11-01,2020-11-01T07:21:24,4.766621446,4.660694457,6.917430906,3.177274723,7.6398779,7.524688211,10.91179026,4.979012113,8.475766544,8.287062748,12.96992246,5.169750927,,,,,,
2020.836683,2020-10-31,2020-10-31T09:20:48,4.447166057,4.350192752,6.492566533,2.938872973,7.290195473,7.177013024,10.55387827,4.650957319,7.187109892,7.046239908,11.08773148,4.385004858,,,,,,
2020.834171,2020-10-30,2020-10-30T11:20:12,4.149370675,4.057037264,6.079240735,2.719439765,6.916786736,6.813625458,10.16661145,4.309777492,6.097969522,5.965612856,9.492867355,3.674663037,,,,,,
2020.831658,2020-10-29,2020-10-29T13:19:36,3.871749825,3.784109931,5.696665274,2.525711774,6.522142298,6.412857602,9.758894294,3.948235685,5.176905341,5.0503519,8.149098191,3.074438738,,,,,,
2020.829146,2020-10-28,2020-10-28T15:18:59,3.612921061,3.532605305,5.347111068,2.335799679,6.109666022,5.99189673,9.313900186,3.608643861,4.39751745,4.278292892,7.004805052,2.559359739,,,,,,
2020.826633,2020-10-27,2020-10-27T17:18:23,3.371597734,3.28985231,5.037156056,2.157563513,5.683634166,5.556603484,8.813165804,3.256358771,3.737624529,3.627644434,6.044327058,2.124035687,,,,,,
2020.824121,2020-10-26,2020-10-26T19:17:47,3.146582285,3.066279801,4.739682675,1.998413197,5.249082051,5.10414191,8.322202094,2.939454033,3.17857834,3.068579641,5.259862207,1.761848805,,,,,,
2020.821608,2020-10-25,2020-10-25T21:17:11,2.936760006,2.856341402,4.461856101,1.84495805,4.811616591,4.659912931,7.838822674,2.619259408,2.704691467,2.599675157,4.552929506,1.459641486,,,,,,
2020.819095,2020-10-24,2020-10-24T23:16:35,2.741093246,2.661856027,4.199892779,1.703452881,4.377162695,4.220837814,7.285371585,2.322745618,2.302759256,2.200705124,3.960981001,1.203743528,,,,,,
2020.816583,2020-10-24,2020-10-24T01:15:59,2.558616021,2.481398981,3.952266138,1.57295971,3.951661989,3.794005049,6.757469147,2.046687164,1.961660227,1.866130501,3.459094627,0.984567437,,,,,,
2020.81407,2020-10-23,2020-10-23T03:15:22,2.388429013,2.314822573,3.729474337,1.455858764,3.540751855,3.384219637,6.201067692,1.787244602,1.672021851,1.583927391,3.020184802,0.8035881,,,,,,
2020.811558,2020-10-22,2020-10-22T05:14:46,2.229694918,2.157244217,3.501554247,1.34245217,3.149459142,2.997327369,5.645399505,1.555288878,1.425940843,1.344082536,2.64387742,0.657956648,,,,,,
2020.809045,2020-10-21,2020-10-21T07:14:10,2.081634119,2.012211187,3.301121706,1.239895753,2.78194404,2.635538355,5.11299456,1.330873252,1.216748923,1.140900755,2.316545472,0.536297686,,,,,,
2020.806533,2020-10-20,2020-10-20T09:13:34,1.943520671,1.87688704,3.107777221,1.143981988,2.441323836,2.304723022,4.562899526,1.141012631,1.038816543,0.967568506,2.04367809,0.438570726,,,,,,
2020.80402,2020-10-19,2020-10-19T11:12:58,1.814678561,1.750604772,2.929649445,1.054798276,2.129593886,2.002948707,4.061362199,0.971987227,0.887388322,0.820666371,1.799083246,0.355062137,,,,,,
2020.801508,2020-10-18,2020-10-18T13:12:21,1.694478241,1.633359804,2.763998142,0.973817323,1.847647098,1.73560387,3.564211689,0.819936639,0.75844499,0.695981472,1.591287557,0.287331549,,,,,,
2020.798995,2020-10-17,2020-10-17T15:11:45,1.582333392,1.524558989,2.602425128,0.896746363,1.595377979,1.49869812,3.10698257,0.690330207,0.64858749,0.590829722,1.392854258,0.233076354,,,,,,
2020.796482,2020-10-16,2020-10-16T17:11:09,1.477697928,1.421937187,2.450706961,0.827105569,1.371846818,1.284285475,2.69904637,0.577766228,0.554939641,0.501400315,1.222237445,0.1898615,,,,,,
2020.79397,2020-10-15,2020-10-15T19:10:33,1.380063201,1.325711252,2.312451392,0.762533725,1.175475514,1.09711019,2.338130441,0.479026402,0.475066324,0.42612247,1.074650006,0.153398013,,,,,,
2020.791457,2020-10-14,2020-10-14T21:09:57,1.288955408,1.237329811,2.180381807,0.704810933,1.004248255,0.934420426,2.018929461,0.395881449,0.406904686,0.36164693,0.943217874,0.124807633,,,,,,
2020.788945,2020-10-13,2020-10-13T23:09:21,1.203933176,1.153359804,2.0576513,0.648379516,0.855896056,0.793823137,1.746926743,0.326674506,0.348706256,0.306811455,0.834017232,0.101202918,,,,,,
2020.786432,2020-10-13,2020-10-13T01:08:44,1.124585318,1.076191209,1.938313953,0.59702818,0.72805183,0.671555223,1.509328782,0.268476193,0.298988207,0.260934359,0.732932292,0.081823865,,,,,,
2020.78392,2020-10-12,2020-10-12T03:08:08,1.050528745,1.00362818,1.827552696,0.549183741,0.618370273,0.567317324,1.299535984,0.218590351,0.256492304,0.221273688,0.646847174,0.066104912,,,,,,
2020.781407,2020-10-11,2020-10-11T05:07:32,0.981406525,0.935942169,1.723111746,0.506929925,0.524612836,0.478863928,1.12920467,0.17760152,0.220150303,0.188176403,0.572220356,0.053376969,,,,,,
2020.778894,2020-10-10,2020-10-10T07:06:56,0.916886078,0.873099502,1.62373935,0.466617915,0.444701946,0.402914139,0.976385566,0.145647743,0.189054766,0.1596443,0.506203241,0.043212053,,,,,,
2020.776382,2020-10-09,2020-10-09T09:06:20,0.856657495,0.814280615,1.531818347,0.428749456,0.376750464,0.338848443,0.846231253,0.11894702,0.162434437,0.135547414,0.446629957,0.034880529,,,,,,
2020.773869,2020-10-08,2020-10-08T11:05:43,0.800431974,0.759564794,1.444064426,0.394758198,0.319072617,0.284713037,0.732343384,0.096333959,0.139633455,0.114896104,0.393286193,0.028272455,,,,,,
2020.771357,2020-10-07,2020-10-07T13:05:07,0.747940368,0.70815241,1.361754564,0.364142855,0.270182073,0.238966522,0.638688975,0.078014986,0.120093787,0.09763413,0.347243922,0.022869703,,,,,,
2020.768844,2020-10-06,2020-10-06T15:04:31,0.698931834,0.660156389,1.284973083,0.3349485,0.228781735,0.200069714,0.557136149,0.06345241,0.103340382,0.083033796,0.306647981,0.018435411,,,,,,
2020.766332,2020-10-05,2020-10-05T17:03:55,0.653172571,0.615284869,1.213284571,0.308313996,0.193748773,0.167595774,0.4839714,0.050835878,0.088968624,0.070518961,0.269998794,0.014896257,,,,,,
2020.763819,2020-10-04,2020-10-04T19:03:19,0.610444651,0.573994886,1.144059288,0.283802962,0.164117379,0.14012882,0.421821392,0.041168195,0.076633701,0.05996954,0.237984946,0.011981675,,,,,,
2020.761307,2020-10-03,2020-10-03T21:02:43,0.570544928,0.535032122,1.079411755,0.261118491,0.139060968,0.117354321,0.36833724,0.033218398,0.066041616,0.050876498,0.209754998,0.009666059,,,,,,
2020.758794,2020-10-02,2020-10-02T23:02:06,0.533284027,0.499842694,1.018248311,0.240304296,0.117874881,0.098378559,0.323008983,0.026469375,0.056941566,0.043201223,0.1856542,0.007774628,,,,,,
2020.756281,2020-10-02,2020-10-02T01:01:30,0.498485396,0.466299163,0.962063744,0.221204283,0.099960234,0.082422528,0.282462218,0.021183249,0.049119487,0.036645047,0.163699062,0.006298025,,,,,,
2020.753769,2020-10-01,2020-10-01T03:00:54,0.465984432,0.435549773,0.908979311,0.203934941,0.084809245,0.068995809,0.24618873,0.017069299,0.042392579,0.031225709,0.14437714,0.005073201,,,,,,
2020.751256,2020-09-30,2020-09-30T05:00:18,0.435627661,0.406358541,0.858749756,0.187617213,0.071992152,0.057794607,0.215863441,0.013619694,0.036604659,0.026476102,0.128118057,0.004076396,,,,,,
2020.748744,2020-09-29,2020-09-29T06:59:42,0.407271975,0.378875969,0.811078084,0.172841729,0.061145712,0.048323253,0.189143639,0.010892018,0.031622218,0.022439501,0.113713974,0.003281213,,,,,,
2020.746231,2020-09-28,2020-09-28T08:59:05,0.38078393,0.353320456,0.766157409,0.158924766,0.051963209,0.040446577,0.165834051,0.008671128,0.027331072,0.019059637,0.100884148,0.002650897,,,,,,
2020.743719,2020-09-27,2020-09-27T10:58:29,0.356039081,0.329308404,0.723513372,0.146222478,0.044185832,0.03376498,0.145304668,0.006914995,0.023633516,0.016189231,0.089260684,0.002141663,,,,,,
2020.741206,2020-09-26,2020-09-26T12:57:53,0.33292137,0.307009852,0.683837346,0.134143302,0.037595287,0.028251498,0.127072993,0.005477458,0.020445903,0.013742112,0.078744848,0.001717993,,,,,,
2020.738693,2020-09-25,2020-09-25T14:57:17,0.311322553,0.28628812,0.645402225,0.123087781,0.032007498,0.023640209,0.11156784,0.004346159,0.017696588,0.011666183,0.069788978,0.001384,,,,,,
2020.736181,2020-09-24,2020-09-24T16:56:41,0.29114167,0.267059801,0.609568346,0.113092408,0.027267255,0.0197861,0.097832026,0.003426778,0.015324173,0.009903924,0.061696808,0.001113645,,,,,,
2020.733668,2020-09-23,2020-09-23T18:56:05,0.272284551,0.249170728,0.576640351,0.10384467,0.023243678,0.016580198,0.085880742,0.002739977,0.013276018,0.008394645,0.054579735,8.98E-04,,,,,,
2020.731156,2020-09-22,2020-09-22T20:55:28,0.254663349,0.232415598,0.544465784,0.095350452,0.019826383,0.013856528,0.075015395,0.002168869,0.011506968,0.007116359,0.048203996,7.27E-04,,,,,,
2020.728643,2020-09-21,2020-09-21T22:54:52,0.238196113,0.216867578,0.513425205,0.087573344,0.016922252,0.011604738,0.06597794,0.001729322,0.009978271,0.006037246,0.04254745,5.88E-04,,,,,,
2020.726131,2020-09-21,2020-09-21T00:54:16,0.222806391,0.202337022,0.484388873,0.080388474,0.0144527,0.009705011,0.057820971,0.001373342,0.008656654,0.005122627,0.037477639,4.72E-04,,,,,,
2020.723618,2020-09-20,2020-09-20T02:53:40,0.208422851,0.188639614,0.458155743,0.073757261,0.012351385,0.008101194,0.050399628,0.001095354,0.007513533,0.004346599,0.03314097,3.82E-04,,,,,,
2020.721106,2020-09-19,2020-09-19T04:53:04,0.194978941,0.17590145,0.432760395,0.06794489,0.010562275,0.006783123,0.044480409,8.58E-04,0.006524344,0.003686021,0.029353595,3.08E-04,,,,,,
2020.718593,2020-09-18,2020-09-18T06:52:27,0.182412558,0.163950658,0.408663681,0.062322112,0.009038021,0.005677603,0.039054709,6.75E-04,0.005667963,0.003129122,0.025986657,2.48E-04,,,,,,
2020.71608,2020-09-17,2020-09-17T08:51:51,0.170665754,0.152924203,0.386689276,0.057214885,0.007738591,0.004738148,0.03419802,5.33E-04,0.00492622,0.00265391,0.022953421,2.00E-04,,,,,,
2020.713568,2020-09-16,2020-09-16T10:51:15,0.159684448,0.142559427,0.365703358,0.052627793,0.006630123,0.0039679,0.029894644,4.25E-04,0.004283475,0.002254391,0.02035814,1.61E-04,,,,,,
2020.711055,2020-09-15,2020-09-15T12:50:39,0.149418171,0.132941771,0.345673675,0.0483434,0.005683954,0.003322799,0.02619151,3.37E-04,0.003726263,0.001915639,0.01804607,1.30E-04,,,,,,
2020.708543,2020-09-14,2020-09-14T14:50:03,0.13981982,0.123996488,0.326498421,0.044540314,0.004875811,0.002780575,0.023030954,2.65E-04,0.003242983,0.001625993,0.015956224,1.05E-04,,,,,,
2020.70603,2020-09-13,2020-09-13T16:49:27,0.130845429,0.115602468,0.308600397,0.0410465,0.004185126,0.002322958,0.020202219,2.10E-04,0.002823636,0.0013806,0.01409228,8.48E-05,,,,,,
2020.703518,2020-09-12,2020-09-12T18:48:50,0.12245396,0.107846713,0.291930593,0.037797856,0.003594457,0.001943583,0.01778417,1.65E-04,0.002459603,0.001171655,0.012537562,6.85E-05,,,,,,
2020.701005,2020-09-11,2020-09-11T20:48:14,0.114607106,0.10061339,0.27619602,0.034796068,0.003089007,0.001622665,0.015664932,1.32E-04,0.002143445,9.94E-04,0.011153395,5.54E-05,,,,,,
2020.698492,2020-09-10,2020-09-10T22:47:38,0.107269106,0.093824538,0.261047417,0.031978633,0.002656213,0.001358295,0.013701306,1.04E-04,0.001868745,8.44E-04,0.009875214,4.48E-05,,,,,,
2020.69598,2020-09-10,2020-09-10T00:47:02,0.100406572,0.087520046,0.246585545,0.029261816,0.002285405,0.001137498,0.012019703,8.17E-05,0.001629961,7.17E-04,0.008750264,3.62E-05,,,,,,
2020.693467,2020-09-09,2020-09-09T02:46:26,0.093988336,0.081598853,0.2327864,0.026910979,NaN,NaN,NaN,NaN,0.001422305,6.09E-04,0.007776371,2.92E-05,,,,,,
2020.690955,2020-09-08,2020-09-08T04:45:49,0.087985294,0.076194277,0.220068475,0.024734702,NaN,NaN,NaN,NaN,0.001241641,5.18E-04,0.006885402,2.37E-05,,,,,,
2020.688442,2020-09-07,2020-09-07T06:45:13,0.08237027,0.071101768,0.208252244,0.022658824,NaN,NaN,NaN,NaN,NaN,NaN,NaN,NaN,,,,,,
2020.68593,2020-09-06,2020-09-06T08:44:37,0.07711789,0.066351608,0.196737797,0.020819869,NaN,NaN,NaN,NaN,NaN,NaN,NaN,NaN,,,,,,
2020.683417,2020-09-05,2020-09-05T10:44:01,0.072204456,0.061902144,0.185703602,0.019137803,NaN,NaN,NaN,NaN,NaN,NaN,NaN,NaN,,,,,,
2020.680905,2020-09-04,2020-09-04T12:43:25,0.067607837,0.057753504,0.175288269,0.017603145,NaN,NaN,NaN,NaN,NaN,NaN,NaN,NaN,,,,,,
2020.678392,2020-09-03,2020-09-03T14:42:49,0.063307365,0.053895596,0.165804834,0.016156172,NaN,NaN,NaN,NaN,NaN,NaN,NaN,NaN,,,,,,
2020.675879,2020-09-02,2020-09-02T16:42:12,0.059283735,0.050272586,0.156774716,0.014846608,NaN,NaN,NaN,NaN,NaN,NaN,NaN,NaN,,,,,,
2020.673367,2020-09-01,2020-09-01T18:41:36,0.055518914,0.046886124,0.147993141,0.013617825,NaN,NaN,NaN,NaN,NaN,NaN,NaN,NaN,,,,,,
2020.670854,2020-08-31,2020-08-31T20:41:00,0.051996059,0.043706641,0.139881829,0.012490743,NaN,NaN,NaN,NaN,NaN,NaN,NaN,NaN,,,,,,
2020.668342,2020-08-30,2020-08-30T22:40:24,0.048699435,0.040768246,0.132101096,0.011432365,NaN,NaN,NaN,NaN,NaN,NaN,NaN,NaN,,,,,,
2020.665829,2020-08-30,2020-08-30T00:39:48,0.045614342,0.037975756,0.124702551,0.010486854,NaN,NaN,NaN,NaN,NaN,NaN,NaN,NaN,,,,,,
2020.663317,2020-08-29,2020-08-29T02:39:11,0.042727047,0.035422695,0.117795663,0.009638953,NaN,NaN,NaN,NaN,NaN,NaN,NaN,NaN,,,,,,
2020.660804,2020-08-28,2020-08-28T04:38:35,0.040024717,0.033036104,0.111271325,0.008847936,NaN,NaN,NaN,NaN,NaN,NaN,NaN,NaN,,,,,,
2020.658291,2020-08-27,2020-08-27T06:37:59,0.037495364,0.030828985,0.105108351,0.008118964,NaN,NaN,NaN,NaN,NaN,NaN,NaN,NaN,,,,,,
2020.655779,2020-08-26,2020-08-26T08:37:23,0.035127784,0.02875654,0.099376543,0.007479908,NaN,NaN,NaN,NaN,NaN,NaN,NaN,NaN,,,,,,
2020.653266,2020-08-25,2020-08-25T10:36:47,0.032911507,0.026813667,0.09413232,0.006873585,NaN,NaN,NaN,NaN,NaN,NaN,NaN,NaN,,,,,,
2020.650754,2020-08-24,2020-08-24T12:36:11,0.030836751,0.025004755,0.089029563,0.006305832,NaN,NaN,NaN,NaN,NaN,NaN,NaN,NaN,,,,,,
2020.648241,2020-08-23,2020-08-23T14:35:34,0.02889437,0.023324048,0.084014953,0.005804459,NaN,NaN,NaN,NaN,NaN,NaN,NaN,NaN,,,,,,
2020.645729,2020-08-22,2020-08-22T16:34:58,0.027075819,0.021752085,0.079561465,0.005327311,NaN,NaN,NaN,NaN,NaN,NaN,NaN,NaN,,,,,,
2020.643216,2020-08-21,2020-08-21T18:34:22,0.02537311,0.020294433,0.075160339,0.004877745,NaN,NaN,NaN,NaN,NaN,NaN,NaN,NaN,,,,,,
2020.640704,2020-08-20,2020-08-20T20:33:46,0.023778776,0.018933688,0.07099826,0.004482682,NaN,NaN,NaN,NaN,NaN,NaN,NaN,NaN,,,,,,
2020.638191,2020-08-19,2020-08-19T22:33:10,0.022285837,0.01766363,0.066989716,0.004125933,NaN,NaN,NaN,NaN,NaN,NaN,NaN,NaN,,,,,,
2020.635678,2020-08-19,2020-08-19T00:32:34,0.020887768,0.016487757,0.063532559,0.003791031,NaN,NaN,NaN,NaN,NaN,NaN,NaN,NaN,,,,,,
2020.633166,2020-08-18,2020-08-18T02:31:57,0.019578469,0.015383217,0.060253817,0.00348694,NaN,NaN,NaN,NaN,NaN,NaN,NaN,NaN,,,,,,
2020.630653,2020-08-17,2020-08-17T04:31:21,0.018352236,0.014349515,0.057017612,0.003207939,NaN,NaN,NaN,NaN,NaN,NaN,NaN,NaN,,,,,,
2020.628141,2020-08-16,2020-08-16T06:30:45,0.017203737,0.013387907,0.053917372,0.002944369,NaN,NaN,NaN,NaN,NaN,NaN,NaN,NaN,,,,,,
2020.625628,2020-08-15,2020-08-15T08:30:09,0.016127985,0.012493587,0.050961893,0.002701377,NaN,NaN,NaN,NaN,NaN,NaN,NaN,NaN,,,,,,
2020.623116,2020-08-14,2020-08-14T10:29:33,0.015120317,0.011653798,0.048119803,0.002482115,NaN,NaN,NaN,NaN,NaN,NaN,NaN,NaN,,,,,,
2020.620603,2020-08-13,2020-08-13T12:28:56,0.014176374,0.010871115,0.045436213,0.002274532,NaN,NaN,NaN,NaN,NaN,NaN,NaN,NaN,,,,,,
2020.61809,2020-08-12,2020-08-12T14:28:20,0.013292076,0.010140613,0.042902284,0.002086241,NaN,NaN,NaN,NaN,NaN,NaN,NaN,NaN,,,,,,
2020.615578,2020-08-11,2020-08-11T16:27:44,0.012463611,0.009455346,0.040706024,0.001914069,NaN,NaN,NaN,NaN,NaN,NaN,NaN,NaN,,,,,,
2020.613065,2020-08-10,2020-08-10T18:27:08,0.011687411,0.008822875,0.038476243,0.001756106,NaN,NaN,NaN,NaN,NaN,NaN,NaN,NaN,,,,,,
2020.610553,2020-08-09,2020-08-09T20:26:32,0.010960139,0.008227053,0.036447075,0.001611179,NaN,NaN,NaN,NaN,NaN,NaN,NaN,NaN,,,,,,
2020.60804,2020-08-08,2020-08-08T22:25:56,0.010278675,0.007671992,0.034519574,0.001478213,NaN,NaN,NaN,NaN,NaN,NaN,NaN,NaN,,,,,,
2020.605528,2020-08-08,2020-08-08T00:25:19,0.009640098,0.007152823,0.032637325,0.001357213,NaN,NaN,NaN,NaN,NaN,NaN,NaN,NaN,,,,,,
2020.603015,2020-08-07,2020-08-07T02:24:43,0.009041678,0.006673001,0.030874536,0.001247788,NaN,NaN,NaN,NaN,NaN,NaN,NaN,NaN,,,,,,
2020.600503,2020-08-06,2020-08-06T04:24:07,0.008480859,0.006223426,0.029265137,0.001148176,NaN,NaN,NaN,NaN,NaN,NaN,NaN,NaN,,,,,,
2020.59799,2020-08-05,2020-08-05T06:23:31,NaN,NaN,NaN,NaN,NaN,NaN,NaN,NaN,NaN,NaN,NaN,NaN,,,,,,
2020.595477,2020-08-04,2020-08-04T08:22:55,NaN,NaN,NaN,NaN,NaN,NaN,NaN,NaN,NaN,NaN,NaN,NaN,,,,,,
2020.592965,2020-08-03,2020-08-03T10:22:18,NaN,NaN,NaN,NaN,NaN,NaN,NaN,NaN,NaN,NaN,NaN,NaN,,,,,,
2020.590452,2020-08-02,2020-08-02T12:21:42,NaN,NaN,NaN,NaN,NaN,NaN,NaN,NaN,NaN,NaN,NaN,NaN,,,,,,
2020.58794,2020-08-01,2020-08-01T14:21:06,NaN,NaN,NaN,NaN,NaN,NaN,NaN,NaN,NaN,NaN,NaN,NaN,,,,,,
2020.585427,2020-07-31,2020-07-31T16:20:30,NaN,NaN,NaN,NaN,NaN,NaN,NaN,NaN,NaN,NaN,NaN,NaN,,,,,,
2020.582915,2020-07-30,2020-07-30T18:19:54,NaN,NaN,NaN,NaN,NaN,NaN,NaN,NaN,NaN,NaN,NaN,NaN,,,,,,
2020.580402,2020-07-29,2020-07-29T20:19:18,NaN,NaN,NaN,NaN,NaN,NaN,NaN,NaN,NaN,NaN,NaN,NaN,,,,,,
2020.577889,2020-07-28,2020-07-28T22:18:41,NaN,NaN,NaN,NaN,NaN,NaN,NaN,NaN,NaN,NaN,NaN,NaN,,,,,,
2020.575377,2020-07-28,2020-07-28T00:18:05,NaN,NaN,NaN,NaN,NaN,NaN,NaN,NaN,NaN,NaN,NaN,NaN,,,,,,
2020.572864,2020-07-27,2020-07-27T02:17:29,NaN,NaN,NaN,NaN,NaN,NaN,NaN,NaN,NaN,NaN,NaN,NaN,,,,,,
2020.570352,2020-07-26,2020-07-26T04:16:53,NaN,NaN,NaN,NaN,NaN,NaN,NaN,NaN,NaN,NaN,NaN,NaN,,,,,,
2020.567839,2020-07-25,2020-07-25T06:16:17,NaN,NaN,NaN,NaN,NaN,NaN,NaN,NaN,NaN,NaN,NaN,NaN,,,,,,
2020.565327,2020-07-24,2020-07-24T08:15:40,NaN,NaN,NaN,NaN,NaN,NaN,NaN,NaN,NaN,NaN,NaN,NaN,,,,,,
2020.562814,2020-07-23,2020-07-23T10:15:04,NaN,NaN,NaN,NaN,NaN,NaN,NaN,NaN,NaN,NaN,NaN,NaN,,,,,,
2020.560302,2020-07-22,2020-07-22T12:14:28,NaN,NaN,NaN,NaN,NaN,NaN,NaN,NaN,NaN,NaN,NaN,NaN,,,,,,
2020.557789,2020-07-21,2020-07-21T14:13:52,NaN,NaN,NaN,NaN,NaN,NaN,NaN,NaN,NaN,NaN,NaN,NaN,,,,,,
2020.555276,2020-07-20,2020-07-20T16:13:16,NaN,NaN,NaN,NaN,NaN,NaN,NaN,NaN,NaN,NaN,NaN,NaN,,,,,,
2020.552764,2020-07-19,2020-07-19T18:12:40,NaN,NaN,NaN,NaN,NaN,NaN,NaN,NaN,NaN,NaN,NaN,NaN,,,,,,
2020.550251,2020-07-18,2020-07-18T20:12:03,NaN,NaN,NaN,NaN,NaN,NaN,NaN,NaN,NaN,NaN,NaN,NaN,,,,,,
2020.547739,2020-07-17,2020-07-17T22:11:27,NaN,NaN,NaN,NaN,NaN,NaN,NaN,NaN,NaN,NaN,NaN,NaN,,,,,,
2020.545226,2020-07-17,2020-07-17T00:10:51,NaN,NaN,NaN,NaN,NaN,NaN,NaN,NaN,NaN,NaN,NaN,NaN,,,,,,
2020.542714,2020-07-16,2020-07-16T02:10:15,NaN,NaN,NaN,NaN,NaN,NaN,NaN,NaN,NaN,NaN,NaN,NaN,,,,,,
2020.540201,2020-07-15,2020-07-15T04:09:39,NaN,NaN,NaN,NaN,NaN,NaN,NaN,NaN,NaN,NaN,NaN,NaN,,,,,,
2020.537688,2020-07-14,2020-07-14T06:09:02,NaN,NaN,NaN,NaN,NaN,NaN,NaN,NaN,NaN,NaN,NaN,NaN,,,,,,
2020.535176,2020-07-13,2020-07-13T08:08:26,NaN,NaN,NaN,NaN,NaN,NaN,NaN,NaN,NaN,NaN,NaN,NaN,,,,,,
2020.532663,2020-07-12,2020-07-12T10:07:50,NaN,NaN,NaN,NaN,NaN,NaN,NaN,NaN,NaN,NaN,NaN,NaN,,,,,,
2020.530151,2020-07-11,2020-07-11T12:07:14,NaN,NaN,NaN,NaN,NaN,NaN,NaN,NaN,NaN,NaN,NaN,NaN,,,,,,
2020.527638,2020-07-10,2020-07-10T14:06:38,NaN,NaN,NaN,NaN,NaN,NaN,NaN,NaN,NaN,NaN,NaN,NaN,,,,,,
2020.525126,2020-07-09,2020-07-09T16:06:02,NaN,NaN,NaN,NaN,NaN,NaN,NaN,NaN,NaN,NaN,NaN,NaN,,,,,,
2020.522613,2020-07-08,2020-07-08T18:05:25,NaN,NaN,NaN,NaN,NaN,NaN,NaN,NaN,NaN,NaN,NaN,NaN,,,,,,
2020.520101,2020-07-07,2020-07-07T20:04:49,NaN,NaN,NaN,NaN,NaN,NaN,NaN,NaN,NaN,NaN,NaN,NaN,,,,,,
2020.517588,2020-07-06,2020-07-06T22:04:13,NaN,NaN,NaN,NaN,NaN,NaN,NaN,NaN,NaN,NaN,NaN,NaN,,,,,,
2020.515075,2020-07-06,2020-07-06T00:03:37,NaN,NaN,NaN,NaN,NaN,NaN,NaN,NaN,NaN,NaN,NaN,NaN,,,,,,
2020.512563,2020-07-05,2020-07-05T02:03:01,NaN,NaN,NaN,NaN,NaN,NaN,NaN,NaN,NaN,NaN,NaN,NaN,,,,,,
2020.51005,2020-07-04,2020-07-04T04:02:24,NaN,NaN,NaN,NaN,NaN,NaN,NaN,NaN,NaN,NaN,NaN,NaN,,,,,,
2020.507538,2020-07-03,2020-07-03T06:01:48,NaN,NaN,NaN,NaN,NaN,NaN,NaN,NaN,NaN,NaN,NaN,NaN,,,,,,
2020.505025,2020-07-02,2020-07-02T08:01:12,NaN,NaN,NaN,NaN,NaN,NaN,NaN,NaN,NaN,NaN,NaN,NaN,,,,,,
2020.502513,2020-07-01,2020-07-01T10:00:36,NaN,NaN,NaN,NaN,NaN,NaN,NaN,NaN,NaN,NaN,NaN,NaN,,,,,,
2020.5,2020-06-30,2020-06-30T12:00:00,NaN,NaN,NaN,NaN,NaN,NaN,NaN,NaN,NaN,NaN,NaN,NaN,,,,,,